,Unnamed: 0,level_0,index,track name,artist name,album name,uri,total_mins,danceability,energy,key,loudness,mode,speechiness,acousticness,instrumentalness,liveness,valence,tempo,type,id,track_href,analysis_url,duration_ms,time_signature
0,21360,21360,16328,Soon or Never,Punch Brothers,Who's Feeling Young Now?,spotify:track:04gmJvY5T9duH3eFXwPxV7,140.0158,0.545,0.28,2.0,-9.302,1.0,0.0313,0.788,8.78e-05,0.0703,0.188,116.109,audio_features,04gmJvY5T9duH3eFXwPxV7,https://api.spotify.com/v1/tracks/04gmJvY5T9duH3eFXwPxV7,https://api.spotify.com/v1/audio-analysis/04gmJvY5T9duH3eFXwPxV7,285000.0,4.0
1,21361,21361,3797,Corduroy Dreams,Rex Orange County,Bcos U Will Never B Free,spotify:track:02tvc9CFnTyHuSRlGeNv9w,140.27548333333334,0.608,0.305,4.0,-14.037,1.0,0.053,0.653,0.0,0.103,0.222,113.818,audio_features,02tvc9CFnTyHuSRlGeNv9w,https://api.spotify.com/v1/tracks/02tvc9CFnTyHuSRlGeNv9w,https://api.spotify.com/v1/audio-analysis/02tvc9CFnTyHuSRlGeNv9w,206975.0,4.0
2,21362,21362,9971,Last Snowstorm of the Year,Hippo Campus,Last Snowstorm of the Year,spotify:track:4p32IK311NkLVtCwTTBG26,140.61628333333334,0.21,0.403,7.0,-8.589,1.0,0.0363,0.36,0.177,0.104,0.0489,155.725,audio_features,4p32IK311NkLVtCwTTBG26,https://api.spotify.com/v1/tracks/4p32IK311NkLVtCwTTBG26,https://api.spotify.com/v1/audio-analysis/4p32IK311NkLVtCwTTBG26,280232.0,3.0
3,21363,21363,19339,Waiting for You,Verzache,D97,spotify:track:1olz3HctPa2yXmSniaCNLN,140.91473333333334,0.524,0.274,6.0,-13.931,1.0,0.295,0.502,0.257,0.0924,0.342,167.998,audio_features,1olz3HctPa2yXmSniaCNLN,https://api.spotify.com/v1/tracks/1olz3HctPa2yXmSniaCNLN,https://api.spotify.com/v1/audio-analysis/1olz3HctPa2yXmSniaCNLN,230000.0,4.0
4,21364,21364,748,Alabina - Original 1996,Alabina,The Album of Alabina & Los Niños de Sara,spotify:track:4c9PMOg5YtNzU7o8CYTOmb,140.95363333333333,0.636,0.969,4.0,-1.913,0.0,0.0716,0.171,0.0,0.345,0.911,101.835,audio_features,4c9PMOg5YtNzU7o8CYTOmb,https://api.spotify.com/v1/tracks/4c9PMOg5YtNzU7o8CYTOmb,https://api.spotify.com/v1/audio-analysis/4c9PMOg5YtNzU7o8CYTOmb,225667.0,4.0
5,21365,21365,18840,Two Weeks in July,Franz Gordon,In a Bar in Buenos Aires,spotify:track:6r4GdCbJTODZWgLnzehUf6,140.99971666666667,0.343,0.0678,2.0,-20.025,0.0,0.0333,0.982,0.926,0.115,0.276,73.4,audio_features,6r4GdCbJTODZWgLnzehUf6,https://api.spotify.com/v1/tracks/6r4GdCbJTODZWgLnzehUf6,https://api.spotify.com/v1/audio-analysis/6r4GdCbJTODZWgLnzehUf6,209837.0,3.0
6,21366,21366,4361,Deja Vu,J. Cole,4 Your Eyez Only,spotify:track:6I6NX6tjGsxFAsIfGzY9lJ,141.30548333333334,0.657,0.421,9.0,-11.378,1.0,0.412,0.352,0.000218,0.187,0.181,174.063,audio_features,6I6NX6tjGsxFAsIfGzY9lJ,https://api.spotify.com/v1/tracks/6I6NX6tjGsxFAsIfGzY9lJ,https://api.spotify.com/v1/audio-analysis/6I6NX6tjGsxFAsIfGzY9lJ,264747.0,4.0
7,21367,21367,11304,Medicine,Daughter,Wild Youth,spotify:track:1ujiHGg5p9SVrNIV4jumQK,141.3255,0.216,0.301,3.0,-12.464,1.0,0.0294,0.105,0.219,0.563,0.202,79.869,audio_features,1ujiHGg5p9SVrNIV4jumQK,https://api.spotify.com/v1/tracks/1ujiHGg5p9SVrNIV4jumQK,https://api.spotify.com/v1/audio-analysis/1ujiHGg5p9SVrNIV4jumQK,258973.0,5.0
8,21368,21368,20638,Your Cat,"Slaughter Beach, Dog",Motorcycle.jpg,spotify:track:0nKrDJLm94OpQElETtklsh,141.42185,0.626,0.626,0.0,-6.352,1.0,0.0302,0.0128,0.491,0.169,0.697,139.964,audio_features,0nKrDJLm94OpQElETtklsh,https://api.spotify.com/v1/tracks/0nKrDJLm94OpQElETtklsh,https://api.spotify.com/v1/audio-analysis/0nKrDJLm94OpQElETtklsh,198667.0,4.0
9,21369,21369,1490,BLUE,Troye Sivan,Blue Neighbourhood,spotify:track:2pmO8V5TEDZqsrcaxSucpj,142.4877666666667,0.39,0.536,6.0,-7.536,0.0,0.0384,0.593,0.0,0.115,0.212,129.997,audio_features,2pmO8V5TEDZqsrcaxSucpj,https://api.spotify.com/v1/tracks/2pmO8V5TEDZqsrcaxSucpj,https://api.spotify.com/v1/audio-analysis/2pmO8V5TEDZqsrcaxSucpj,211817.0,4.0
10,21370,21370,1378,At the Moonbase,"Slaughter Beach, Dog",At the Moonbase,spotify:track:5DmpRFBMjZp6EwI26UlBPo,142.97443333333334,0.84,0.419,0.0,-8.048,1.0,0.0451,0.0226,0.00818,0.0908,0.934,106.987,audio_features,5DmpRFBMjZp6EwI26UlBPo,https://api.spotify.com/v1/tracks/5DmpRFBMjZp6EwI26UlBPo,https://api.spotify.com/v1/audio-analysis/5DmpRFBMjZp6EwI26UlBPo,258336.0,4.0
11,21371,21371,3310,Chinatown,Barrie,Happy To Be Here,spotify:track:0CnoNijMYwOXJjphF5mVeH,143.37133333333333,0.757,0.573,6.0,-7.738,1.0,0.0508,0.159,0.451,0.211,0.921,145.968,audio_features,0CnoNijMYwOXJjphF5mVeH,https://api.spotify.com/v1/tracks/0CnoNijMYwOXJjphF5mVeH,https://api.spotify.com/v1/audio-analysis/0CnoNijMYwOXJjphF5mVeH,192840.0,4.0
12,21372,21372,4614,Do You Understand (What Has Happened to You),"Slaughter Beach, Dog",At the Moonbase,spotify:track:4t8DWlP3HlE8QmeDtdfZDc,143.75178333333332,0.662,0.679,9.0,-6.765,1.0,0.026,0.132,0.00055,0.0626,0.518,97.014,audio_features,4t8DWlP3HlE8QmeDtdfZDc,https://api.spotify.com/v1/tracks/4t8DWlP3HlE8QmeDtdfZDc,https://api.spotify.com/v1/audio-analysis/4t8DWlP3HlE8QmeDtdfZDc,283536.0,4.0
13,21373,21373,5825,Femme Fatale - RISE Recording,King Princess,Femme Fatale,spotify:track:0mAbTVcMX3KLOGJTfkhfFy,144.0574,0.4,0.455,5.0,-11.733,1.0,0.0392,0.188,1.45e-05,0.109,0.343,124.752,audio_features,0mAbTVcMX3KLOGJTfkhfFy,https://api.spotify.com/v1/tracks/0mAbTVcMX3KLOGJTfkhfFy,https://api.spotify.com/v1/audio-analysis/0mAbTVcMX3KLOGJTfkhfFy,173227.0,4.0
14,21374,21374,2823,Cafeína,Samuraï,Cafeína,spotify:track:1vbNbnuw2iPm0hJ6PEpzla,144.2137,0.779,0.861,2.0,-3.935,0.0,0.103,0.164,0.0,0.342,0.768,138.886,audio_features,1vbNbnuw2iPm0hJ6PEpzla,https://api.spotify.com/v1/tracks/1vbNbnuw2iPm0hJ6PEpzla,https://api.spotify.com/v1/audio-analysis/1vbNbnuw2iPm0hJ6PEpzla,173492.0,4.0
15,21375,21375,2244,Bloom,bLAck pARty,Mango,spotify:track:05xA64s3UzOOmAnh9SIIjn,144.61686666666665,0.749,0.399,8.0,-7.526,1.0,0.0393,0.261,0.0126,0.0949,0.816,89.972,audio_features,05xA64s3UzOOmAnh9SIIjn,https://api.spotify.com/v1/tracks/05xA64s3UzOOmAnh9SIIjn,https://api.spotify.com/v1/audio-analysis/05xA64s3UzOOmAnh9SIIjn,302001.0,4.0
16,21376,21376,9078,Intersection,Modern Baseball,"Polyvinyl 4-Track Singles Series, Vol. 3",spotify:track:79n6LMR1b5Puu9FxWzxtDA,144.78066666666666,0.815,0.252,0.0,-10.852,1.0,0.0537,0.317,8.6e-05,0.0832,0.577,133.504,audio_features,79n6LMR1b5Puu9FxWzxtDA,https://api.spotify.com/v1/tracks/79n6LMR1b5Puu9FxWzxtDA,https://api.spotify.com/v1/audio-analysis/79n6LMR1b5Puu9FxWzxtDA,233320.0,4.0
17,21377,21377,12508,"Nocturne in C-sharp minor, B. 49",Frédéric Chopin,Chopin: Complete Nocturnes,spotify:track:0bcGY7mfG10QfeaDbz97hC,144.78641666666667,0.277,0.00397,6.0,-31.601,0.0,0.0431,0.992,0.9,0.0763,0.194,72.111,audio_features,0bcGY7mfG10QfeaDbz97hC,https://api.spotify.com/v1/tracks/0bcGY7mfG10QfeaDbz97hC,https://api.spotify.com/v1/audio-analysis/0bcGY7mfG10QfeaDbz97hC,239973.0,4.0
18,21378,21378,16645,Stone,Born Without Bones,Baby,spotify:track:7EdO50H2O5QuqAcEGCKeFY,145.24268333333333,0.493,0.343,4.0,-9.299,1.0,0.0293,0.13,0.0,0.116,0.163,103.37,audio_features,7EdO50H2O5QuqAcEGCKeFY,https://api.spotify.com/v1/tracks/7EdO50H2O5QuqAcEGCKeFY,https://api.spotify.com/v1/audio-analysis/7EdO50H2O5QuqAcEGCKeFY,213831.0,3.0
19,21379,21379,12430,No Problem (feat. Lil Wayne & 2 Chainz),Chance the Rapper,Coloring Book,spotify:track:0v9Wz8o0BT8DU38R4ddjeH,147.35036666666667,0.652,0.795,11.0,-5.192,0.0,0.174,0.156,0.0,0.123,0.788,135.018,audio_features,0v9Wz8o0BT8DU38R4ddjeH,https://api.spotify.com/v1/tracks/0v9Wz8o0BT8DU38R4ddjeH,https://api.spotify.com/v1/audio-analysis/0v9Wz8o0BT8DU38R4ddjeH,304607.0,4.0
20,21380,21380,256,3 Nights,Dominic Fike,"Don't Forget About Me, Demos",spotify:track:1tNJrcVe6gwLEiZCtprs1u,148.48025,0.815,0.518,7.0,-6.594,0.0,0.0897,0.223,0.0,0.104,0.877,151.891,audio_features,1tNJrcVe6gwLEiZCtprs1u,https://api.spotify.com/v1/tracks/1tNJrcVe6gwLEiZCtprs1u,https://api.spotify.com/v1/audio-analysis/1tNJrcVe6gwLEiZCtprs1u,177667.0,4.0
21,21381,21381,10908,Lucky Love,Michael Seyer,Lucky Love,spotify:track:0Fbyu0CzsClu9N00gGwAmi,148.60816666666668,0.66,0.313,5.0,-13.287,1.0,0.0263,0.487,0.00349,0.105,0.226,143.972,audio_features,0Fbyu0CzsClu9N00gGwAmi,https://api.spotify.com/v1/tracks/0Fbyu0CzsClu9N00gGwAmi,https://api.spotify.com/v1/audio-analysis/0Fbyu0CzsClu9N00gGwAmi,286186.0,3.0
22,21382,21382,6394,Furniture,Maude Latour,Furniture,spotify:track:5hwCVRrBvFOkH3oK0LB7Fc,150.04635000000002,0.72,0.827,0.0,-2.873,0.0,0.0471,0.04,5.86e-05,0.255,0.781,130.004,audio_features,5hwCVRrBvFOkH3oK0LB7Fc,https://api.spotify.com/v1/tracks/5hwCVRrBvFOkH3oK0LB7Fc,https://api.spotify.com/v1/audio-analysis/5hwCVRrBvFOkH3oK0LB7Fc,156462.0,4.0
23,21383,21383,11145,Map of the Stars,"Slaughter Beach, Dog",Safe And Also No Fear,spotify:track:1zdq8ReJ8nFgU7iuUd4b2i,150.10871666666665,0.564,0.341,4.0,-11.385,1.0,0.0338,0.87,0.185,0.12,0.314,119.936,audio_features,1zdq8ReJ8nFgU7iuUd4b2i,https://api.spotify.com/v1/tracks/1zdq8ReJ8nFgU7iuUd4b2i,https://api.spotify.com/v1/audio-analysis/1zdq8ReJ8nFgU7iuUd4b2i,229718.0,3.0
24,21384,21384,16913,Sundress,A$AP Rocky,Sundress,spotify:track:2aPTvyE09vUCRwVvj0I8WK,150.88255,0.721,0.707,6.0,-6.364,1.0,0.0595,0.181,3.68e-06,0.143,0.743,125.005,audio_features,2aPTvyE09vUCRwVvj0I8WK,https://api.spotify.com/v1/tracks/2aPTvyE09vUCRwVvj0I8WK,https://api.spotify.com/v1/audio-analysis/2aPTvyE09vUCRwVvj0I8WK,158206.0,4.0
25,21385,21385,17403,Telescope,Cage The Elephant,Melophobia,spotify:track:0tkBOcK7oRVXQJY97zzSvr,151.3148666666667,0.589,0.481,0.0,-4.801,1.0,0.0285,0.273,1.33e-05,0.0986,0.176,93.568,audio_features,0tkBOcK7oRVXQJY97zzSvr,https://api.spotify.com/v1/tracks/0tkBOcK7oRVXQJY97zzSvr,https://api.spotify.com/v1/audio-analysis/0tkBOcK7oRVXQJY97zzSvr,228293.0,4.0
26,21386,21386,5788,Feeling Lonely,boy pablo,Soy Pablo,spotify:track:5uIRujGRZv5t4fGKkUTv4n,151.52366666666668,0.633,0.537,6.0,-10.45,0.0,0.0544,0.0141,3.72e-05,0.103,0.889,117.907,audio_features,5uIRujGRZv5t4fGKkUTv4n,https://api.spotify.com/v1/tracks/5uIRujGRZv5t4fGKkUTv4n,https://api.spotify.com/v1/audio-analysis/5uIRujGRZv5t4fGKkUTv4n,197947.0,4.0
27,21387,21387,14539,Respiration,Black Star,Mos Def & Talib Kweli Are Black Star,spotify:track:5mxVKAuunOKqcBfR5ivbRf,152.51346666666666,0.54,0.738,6.0,-5.34,0.0,0.446,0.272,0.0,0.199,0.528,178.727,audio_features,5mxVKAuunOKqcBfR5ivbRf,https://api.spotify.com/v1/tracks/5mxVKAuunOKqcBfR5ivbRf,https://api.spotify.com/v1/audio-analysis/5mxVKAuunOKqcBfR5ivbRf,365333.0,4.0
28,21388,21388,16292,"Sonata No. 14 ""Moonlight"" in C-Sharp Minor"", Op. 27 No. 2: I. Adagio sostenuto",Ludwig van Beethoven,"Beethoven: Piano Sonatas, Vol.3",spotify:track:3DNRdudZ2SstnDCVKFdXxG,152.55296666666666,0.184,0.00527,1.0,-37.264,0.0,0.0432,0.995,0.887,0.173,0.151,170.612,audio_features,3DNRdudZ2SstnDCVKFdXxG,https://api.spotify.com/v1/tracks/3DNRdudZ2SstnDCVKFdXxG,https://api.spotify.com/v1/audio-analysis/3DNRdudZ2SstnDCVKFdXxG,315427.0,3.0
29,21389,21389,11622,Monsters,"Slaughter Beach, Dog",Welcome,spotify:track:5SeVxNFShuSXTVqjFpQLsq,153.6789,0.552,0.692,0.0,-7.161,1.0,0.0311,0.00264,0.00799,0.104,0.605,129.973,audio_features,5SeVxNFShuSXTVqjFpQLsq,https://api.spotify.com/v1/tracks/5SeVxNFShuSXTVqjFpQLsq,https://api.spotify.com/v1/audio-analysis/5SeVxNFShuSXTVqjFpQLsq,206080.0,4.0
30,21390,21390,8770,Idle Town,Conan Gray,Sunset Season,spotify:track:0cXRafInOlc1QH519RXltN,154.12935,0.606,0.478,7.0,-6.035,1.0,0.0276,0.872,2.02e-05,0.106,0.266,77.086,audio_features,0cXRafInOlc1QH519RXltN,https://api.spotify.com/v1/tracks/0cXRafInOlc1QH519RXltN,https://api.spotify.com/v1/audio-analysis/0cXRafInOlc1QH519RXltN,237920.0,4.0
31,21391,21391,12957,One Day,"Slaughter Beach, Dog",Safe And Also No Fear,spotify:track:0s5KIYPWj3osbnopAnaCDv,154.85379999999998,0.746,0.535,2.0,-7.881,1.0,0.0324,0.614,0.557,0.0892,0.375,118.985,audio_features,0s5KIYPWj3osbnopAnaCDv,https://api.spotify.com/v1/tracks/0s5KIYPWj3osbnopAnaCDv,https://api.spotify.com/v1/audio-analysis/0s5KIYPWj3osbnopAnaCDv,251906.0,4.0
32,21392,21392,1217,Anything,Rusty Clanton,Anything,spotify:track:65zLSsy4MxELUO9kw9SwWZ,156.0299,0.636,0.199,11.0,-17.296,1.0,0.033,0.855,0.000497,0.124,0.348,87.834,audio_features,65zLSsy4MxELUO9kw9SwWZ,https://api.spotify.com/v1/tracks/65zLSsy4MxELUO9kw9SwWZ,https://api.spotify.com/v1/audio-analysis/65zLSsy4MxELUO9kw9SwWZ,221425.0,4.0
33,21393,21393,1934,Best Friend,Foster The People,Supermodel,spotify:track:7tvOve5IkjYenvqScZ75iQ,156.26238333333336,0.651,0.866,1.0,-3.831,1.0,0.0584,0.00933,0.0,0.113,0.801,113.945,audio_features,7tvOve5IkjYenvqScZ75iQ,https://api.spotify.com/v1/tracks/7tvOve5IkjYenvqScZ75iQ,https://api.spotify.com/v1/audio-analysis/7tvOve5IkjYenvqScZ75iQ,267827.0,4.0
34,21394,21394,19753,"What Is Love? Tell Me, Is It Easy?",Hala,Spoonfed,spotify:track:4Sr6N2pJXCb5VjdknAjblG,156.3422,0.801,0.41,7.0,-12.359,1.0,0.0322,0.187,0.0258,0.0993,0.719,125.133,audio_features,4Sr6N2pJXCb5VjdknAjblG,https://api.spotify.com/v1/tracks/4Sr6N2pJXCb5VjdknAjblG,https://api.spotify.com/v1/audio-analysis/4Sr6N2pJXCb5VjdknAjblG,230547.0,4.0
35,21395,21395,12966,One Down,"Slaughter Beach, Dog",Safe And Also No Fear,spotify:track:6vOxJrVM3zwXh4E1TYFDQm,156.70016666666666,0.604,0.239,2.0,-11.64,1.0,0.0296,0.558,0.0261,0.107,0.361,127.162,audio_features,6vOxJrVM3zwXh4E1TYFDQm,https://api.spotify.com/v1/tracks/6vOxJrVM3zwXh4E1TYFDQm,https://api.spotify.com/v1/audio-analysis/6vOxJrVM3zwXh4E1TYFDQm,192582.0,4.0
36,21396,21396,15833,Skin,Dijon,Skin,spotify:track:467t3218y3yihFcyDGWjr0,156.91956666666667,0.674,0.616,7.0,-3.471,1.0,0.0272,0.512,2.1e-06,0.331,0.551,94.934,audio_features,467t3218y3yihFcyDGWjr0,https://api.spotify.com/v1/tracks/467t3218y3yihFcyDGWjr0,https://api.spotify.com/v1/audio-analysis/467t3218y3yihFcyDGWjr0,230625.0,4.0
37,21397,21397,259,"3 Nocturnes, Op. 9: II. Andante",Frédéric Chopin,Chopin: Complete Nocturnes,spotify:track:2FP7JttwbYPXcXxIihEvop,157.64093333333335,0.388,0.0163,10.0,-26.561,1.0,0.0387,0.989,0.918,0.177,0.104,94.445,audio_features,2FP7JttwbYPXcXxIihEvop,https://api.spotify.com/v1/tracks/2FP7JttwbYPXcXxIihEvop,https://api.spotify.com/v1/audio-analysis/2FP7JttwbYPXcXxIihEvop,274040.0,3.0
38,21398,21398,17787,The Law (feat. Mac Miller & Rapsody),Ab-Soul,Do What Thou Wilt.,spotify:track:17vQTNbvhpvi92qOnDOFHB,157.87585,0.744,0.637,1.0,-7.297,0.0,0.301,0.249,0.0,0.0965,0.697,139.882,audio_features,17vQTNbvhpvi92qOnDOFHB,https://api.spotify.com/v1/tracks/17vQTNbvhpvi92qOnDOFHB,https://api.spotify.com/v1/audio-analysis/17vQTNbvhpvi92qOnDOFHB,329208.0,4.0
39,21399,21399,12640,Novacane,Frank Ocean,Novacane,spotify:track:4osgfFTICMkcGbbigdsa53,158.55418333333333,0.762,0.508,3.0,-9.112,1.0,0.0919,0.0584,0.00126,0.16,0.37,93.51,audio_features,4osgfFTICMkcGbbigdsa53,https://api.spotify.com/v1/tracks/4osgfFTICMkcGbbigdsa53,https://api.spotify.com/v1/audio-analysis/4osgfFTICMkcGbbigdsa53,302347.0,4.0
40,21400,21400,7497,Heavy Metal Drummer,Wilco,Yankee Hotel Foxtrot,spotify:track:4xmeLj3uVcoAwgDtwM4MbG,158.99871666666667,0.661,0.66,7.0,-9.061,1.0,0.0373,0.0257,0.00977,0.256,0.814,120.617,audio_features,4xmeLj3uVcoAwgDtwM4MbG,https://api.spotify.com/v1/tracks/4xmeLj3uVcoAwgDtwM4MbG,https://api.spotify.com/v1/audio-analysis/4xmeLj3uVcoAwgDtwM4MbG,188840.0,4.0
41,21401,21401,7087,Guilty Conscience,070 Shake,Modus Vivendi,spotify:track:0smgkpVia3VCXgY4qhVJvp,159.06278333333333,0.539,0.638,7.0,-6.049,1.0,0.136,0.00676,0.0,0.123,0.222,179.822,audio_features,0smgkpVia3VCXgY4qhVJvp,https://api.spotify.com/v1/tracks/0smgkpVia3VCXgY4qhVJvp,https://api.spotify.com/v1/audio-analysis/0smgkpVia3VCXgY4qhVJvp,213333.0,4.0
42,21402,21402,4946,Drinks,"Slaughter Beach, Dog",Welcome,spotify:track:7r7N5nUoZWlkdZg4fZJcH3,159.51478333333336,0.361,0.721,4.0,-6.98,1.0,0.0615,0.00359,0.001,0.0512,0.256,119.981,audio_features,7r7N5nUoZWlkdZg4fZJcH3,https://api.spotify.com/v1/tracks/7r7N5nUoZWlkdZg4fZJcH3,https://api.spotify.com/v1/audio-analysis/7r7N5nUoZWlkdZg4fZJcH3,204561.0,3.0
43,21403,21403,14863,Run Me Through (King Princess Remix),Perfume Genius,Run Me Through (King Princess Remix),spotify:track:4XbZuXFhpVFkAOpmxhxE7K,160.01263333333335,0.525,0.533,10.0,-8.241,1.0,0.0383,0.468,0.583,0.0898,0.108,163.437,audio_features,4XbZuXFhpVFkAOpmxhxE7K,https://api.spotify.com/v1/tracks/4XbZuXFhpVFkAOpmxhxE7K,https://api.spotify.com/v1/audio-analysis/4XbZuXFhpVFkAOpmxhxE7K,222127.0,4.0
44,21404,21404,10918,Lucy,Still Woozy,Lucy,spotify:track:0nXyCNdS6fkZNP11DwGq1i,160.60983333333334,0.649,0.535,6.0,-12.017,0.0,0.224,0.385,0.000422,0.12,0.843,84.466,audio_features,0nXyCNdS6fkZNP11DwGq1i,https://api.spotify.com/v1/tracks/0nXyCNdS6fkZNP11DwGq1i,https://api.spotify.com/v1/audio-analysis/0nXyCNdS6fkZNP11DwGq1i,142500.0,4.0
45,21405,21405,13974,Pretty Girls,Michael Seyer,Ugly Boy,spotify:track:3c0NlyfimtupjK3PlaQDLl,161.09296666666663,0.578,0.402,9.0,-13.426,1.0,0.0403,0.813,0.228,0.113,0.185,136.676,audio_features,3c0NlyfimtupjK3PlaQDLl,https://api.spotify.com/v1/tracks/3c0NlyfimtupjK3PlaQDLl,https://api.spotify.com/v1/audio-analysis/3c0NlyfimtupjK3PlaQDLl,226795.0,4.0
46,21406,21406,1484,BLEACH,BROCKHAMPTON,SATURATION III,spotify:track:0dWOFwdXrbBUYqD9DLsoyK,161.65485,0.595,0.657,1.0,-6.498,0.0,0.183,0.462,0.000597,0.437,0.718,156.093,audio_features,0dWOFwdXrbBUYqD9DLsoyK,https://api.spotify.com/v1/tracks/0dWOFwdXrbBUYqD9DLsoyK,https://api.spotify.com/v1/audio-analysis/0dWOFwdXrbBUYqD9DLsoyK,273151.0,4.0
47,21407,21407,1287,Are You There,"Slaughter Beach, Dog",At the Moonbase,spotify:track:57rHXyGxj5UK9pKHLEf8cv,161.70531666666668,0.736,0.735,2.0,-6.964,1.0,0.0312,0.249,0.0351,0.0678,0.418,120.002,audio_features,57rHXyGxj5UK9pKHLEf8cv,https://api.spotify.com/v1/tracks/57rHXyGxj5UK9pKHLEf8cv,https://api.spotify.com/v1/audio-analysis/57rHXyGxj5UK9pKHLEf8cv,255312.0,4.0
48,21408,21408,15564,She's Mine Pt. 2,J. Cole,4 Your Eyez Only,spotify:track:5rmcjZTrE9JR1YrbNZDFNW,162.65773333333334,0.486,0.194,2.0,-15.265,1.0,0.0712,0.798,0.00624,0.114,0.048,70.031,audio_features,5rmcjZTrE9JR1YrbNZDFNW,https://api.spotify.com/v1/tracks/5rmcjZTrE9JR1YrbNZDFNW,https://api.spotify.com/v1/audio-analysis/5rmcjZTrE9JR1YrbNZDFNW,278920.0,4.0
49,21409,21409,3559,Coffee,Sylvan Esso,Sylvan Esso,spotify:track:71cUqXJ3h1r0Ees6YdENLU,163.02984999999998,0.457,0.455,0.0,-8.112,1.0,0.188,0.348,0.00122,0.142,0.163,100.049,audio_features,71cUqXJ3h1r0Ees6YdENLU,https://api.spotify.com/v1/tracks/71cUqXJ3h1r0Ees6YdENLU,https://api.spotify.com/v1/audio-analysis/71cUqXJ3h1r0Ees6YdENLU,269693.0,4.0
50,21410,21410,8498,I Want to Feel Alive,The Lighthouse And The Whaler,Mont Royal,spotify:track:1xWFIA47dN7kKgB3pmuL1a,163.52016666666665,0.607,0.416,2.0,-10.312,1.0,0.0389,0.168,1.44e-05,0.0659,0.24,124.025,audio_features,1xWFIA47dN7kKgB3pmuL1a,https://api.spotify.com/v1/tracks/1xWFIA47dN7kKgB3pmuL1a,https://api.spotify.com/v1/audio-analysis/1xWFIA47dN7kKgB3pmuL1a,184310.0,4.0
51,21411,21411,14249,Raccoon,It Looks Sad.,It Looks Sad.,spotify:track:3B3rvtNhgTGFXbP7QFcAlH,163.71066666666667,0.483,0.781,7.0,-5.363,1.0,0.0458,0.00164,0.262,0.0799,0.651,155.951,audio_features,3B3rvtNhgTGFXbP7QFcAlH,https://api.spotify.com/v1/tracks/3B3rvtNhgTGFXbP7QFcAlH,https://api.spotify.com/v1/audio-analysis/3B3rvtNhgTGFXbP7QFcAlH,222013.0,4.0
52,21412,21412,100,100 Miles and Running (ft. Wale & John Lindahl),Logic,YSIV,spotify:track:4CstQ0SUkl0YkoeZkIZlIx,164.06826666666666,0.835,0.929,7.0,-3.595,1.0,0.0653,0.579,1.28e-06,0.38,0.96,119.047,audio_features,4CstQ0SUkl0YkoeZkIZlIx,https://api.spotify.com/v1/tracks/4CstQ0SUkl0YkoeZkIZlIx,https://api.spotify.com/v1/audio-analysis/4CstQ0SUkl0YkoeZkIZlIx,353453.0,4.0
53,21413,21413,3982,Cupid's Quiver,Cuco,wannabewithu,spotify:track:6KylmDpjgD9Y64u7z9k3us,164.91691666666665,0.564,0.344,0.0,-14.14,1.0,0.0295,0.629,0.803,0.0991,0.288,119.934,audio_features,6KylmDpjgD9Y64u7z9k3us,https://api.spotify.com/v1/tracks/6KylmDpjgD9Y64u7z9k3us,https://api.spotify.com/v1/audio-analysis/6KylmDpjgD9Y64u7z9k3us,260000.0,4.0
54,21414,21414,13739,Plans,Maude Latour,Plans,spotify:track:21gFBttZdo6RJySWtwPbf5,165.10725,0.704,0.471,4.0,-9.867,1.0,0.0496,0.101,4.79e-06,0.393,0.327,91.968,audio_features,21gFBttZdo6RJySWtwPbf5,https://api.spotify.com/v1/tracks/21gFBttZdo6RJySWtwPbf5,https://api.spotify.com/v1/audio-analysis/21gFBttZdo6RJySWtwPbf5,191636.0,4.0
55,21415,21415,10938,Luv Note,chloe moriondo,Rabbit Hearted.,spotify:track:38LBTI9FzS5hSNNbcsHsc0,165.14423333333332,0.428,0.0866,5.0,-19.2,1.0,0.0514,0.957,0.00049,0.176,0.0788,82.82,audio_features,38LBTI9FzS5hSNNbcsHsc0,https://api.spotify.com/v1/tracks/38LBTI9FzS5hSNNbcsHsc0,https://api.spotify.com/v1/audio-analysis/38LBTI9FzS5hSNNbcsHsc0,210743.0,3.0
56,21416,21416,19544,Way It Goes,Hippo Campus,Landmark,spotify:track:6CES1554HcWMIVroJfmmBm,165.4929833333333,0.542,0.906,9.0,-4.213,1.0,0.0491,0.021,0.00043,0.377,0.515,120.014,audio_features,6CES1554HcWMIVroJfmmBm,https://api.spotify.com/v1/tracks/6CES1554HcWMIVroJfmmBm,https://api.spotify.com/v1/audio-analysis/6CES1554HcWMIVroJfmmBm,245456.0,4.0
57,21417,21417,6705,Glowing,"Slaughter Beach, Dog",Motorcycle.jpg,spotify:track:4JlM9rbzHKEUKkVgFpH9sf,166.4546333333333,0.546,0.387,0.0,-9.276,1.0,0.0291,0.257,0.245,0.0945,0.352,109.799,audio_features,4JlM9rbzHKEUKkVgFpH9sf,https://api.spotify.com/v1/tracks/4JlM9rbzHKEUKkVgFpH9sf,https://api.spotify.com/v1/audio-analysis/4JlM9rbzHKEUKkVgFpH9sf,168374.0,4.0
58,21418,21418,17405,Televised,HUNNY,Windows I,spotify:track:35Ki1lvKPC2sFBD3GmKdRG,166.60666666666668,0.591,0.746,8.0,-7.762,1.0,0.0444,0.000729,0.0,0.127,0.432,107.965,audio_features,35Ki1lvKPC2sFBD3GmKdRG,https://api.spotify.com/v1/tracks/35Ki1lvKPC2sFBD3GmKdRG,https://api.spotify.com/v1/audio-analysis/35Ki1lvKPC2sFBD3GmKdRG,194717.0,4.0
59,21419,21419,16267,Sometimes,Goth Babe,Sometimes,spotify:track:7oJmIBxEAYjfkS7lhZ7M1S,166.75203333333334,0.445,0.563,7.0,-8.904,1.0,0.0315,0.105,0.000271,0.179,0.204,94.978,audio_features,7oJmIBxEAYjfkS7lhZ7M1S,https://api.spotify.com/v1/tracks/7oJmIBxEAYjfkS7lhZ7M1S,https://api.spotify.com/v1/audio-analysis/7oJmIBxEAYjfkS7lhZ7M1S,262737.0,4.0
60,21420,21420,17389,Teenage Blue,Dreamgirl,Illuminaughty - EP,spotify:track:7mgI1HLrLMlIHL3wzotbyM,167.09959999999998,0.178,0.461,11.0,-7.479,1.0,0.0312,0.837,0.0187,0.133,0.135,180.28,audio_features,7mgI1HLrLMlIHL3wzotbyM,https://api.spotify.com/v1/tracks/7mgI1HLrLMlIHL3wzotbyM,https://api.spotify.com/v1/audio-analysis/7mgI1HLrLMlIHL3wzotbyM,234969.0,3.0
61,21421,21421,15338,Self Care,Mac Miller,Swimming,spotify:track:5bJ1DrEM4hNCafcDd1oxHx,167.17076666666665,0.52,0.538,1.0,-8.109,1.0,0.206,0.367,0.00187,0.119,0.177,141.894,audio_features,5bJ1DrEM4hNCafcDd1oxHx,https://api.spotify.com/v1/tracks/5bJ1DrEM4hNCafcDd1oxHx,https://api.spotify.com/v1/audio-analysis/5bJ1DrEM4hNCafcDd1oxHx,345133.0,4.0
62,21422,21422,9278,Ivory Black,Oliver Riot,Hallucinate,spotify:track:6vSIJHh8CRxpjWRvnzspZg,168.08301666666665,0.406,0.257,0.0,-13.121,1.0,0.0575,0.889,0.00195,0.117,0.102,139.337,audio_features,6vSIJHh8CRxpjWRvnzspZg,https://api.spotify.com/v1/tracks/6vSIJHh8CRxpjWRvnzspZg,https://api.spotify.com/v1/audio-analysis/6vSIJHh8CRxpjWRvnzspZg,267585.0,4.0
63,21423,21423,14919,"Rêverie, L. 68",Claude Debussy,Debussy: Estampes; Pour le piano; 6 épigraphes antiques,spotify:track:086sjLPEqdKBgTxbTeCLCv,168.15666666666667,0.25,0.00904,5.0,-31.617,1.0,0.041,0.995,0.922,0.0779,0.083,62.541,audio_features,086sjLPEqdKBgTxbTeCLCv,https://api.spotify.com/v1/tracks/086sjLPEqdKBgTxbTeCLCv,https://api.spotify.com/v1/audio-analysis/086sjLPEqdKBgTxbTeCLCv,233400.0,4.0
64,21424,21424,12134,Neon Moon,Cigarettes After Sex,Neon Moon,spotify:track:7laJx5tDtvm3Mkj832oxSb,170.5723166666667,0.48,0.488,4.0,-11.103,1.0,0.0245,0.099,0.0879,0.102,0.275,90.349,audio_features,7laJx5tDtvm3Mkj832oxSb,https://api.spotify.com/v1/tracks/7laJx5tDtvm3Mkj832oxSb,https://api.spotify.com/v1/audio-analysis/7laJx5tDtvm3Mkj832oxSb,225767.0,4.0
65,21425,21425,11344,Memory Box,Peter Cat Recording Co.,Bismillah,spotify:track:024nqC9O76nvAuIWtQGdQy,171.06401666666667,0.609,0.415,7.0,-11.986,1.0,0.0435,0.227,0.0672,0.136,0.442,127.972,audio_features,024nqC9O76nvAuIWtQGdQy,https://api.spotify.com/v1/tracks/024nqC9O76nvAuIWtQGdQy,https://api.spotify.com/v1/audio-analysis/024nqC9O76nvAuIWtQGdQy,483840.0,4.0
66,21426,21426,18183,These Days,Wallows,Spring EP,spotify:track:4gZDCOFuLCxCRWNhSEcOtJ,171.08631666666668,0.655,0.668,0.0,-6.733,1.0,0.0272,0.0398,0.0302,0.0759,0.867,93.003,audio_features,4gZDCOFuLCxCRWNhSEcOtJ,https://api.spotify.com/v1/tracks/4gZDCOFuLCxCRWNhSEcOtJ,https://api.spotify.com/v1/audio-analysis/4gZDCOFuLCxCRWNhSEcOtJ,202627.0,4.0
67,21427,21427,9659,Kids,Current Joys,Kids,spotify:track:6ixkZ2Q9gQeh52C6GxbETg,172.67991666666666,0.827,0.66,6.0,-9.669,1.0,0.0337,0.508,0.403,0.0756,0.904,113.449,audio_features,6ixkZ2Q9gQeh52C6GxbETg,https://api.spotify.com/v1/tracks/6ixkZ2Q9gQeh52C6GxbETg,https://api.spotify.com/v1/audio-analysis/6ixkZ2Q9gQeh52C6GxbETg,269143.0,4.0
68,21428,21428,2227,Bloo,Zack Villere,Little World,spotify:track:5aqI3CBgaQZlu9mvo6wKDh,173.89991666666666,0.618,0.543,6.0,-6.291,1.0,0.109,0.572,2.03e-05,0.16,0.535,80.036,audio_features,5aqI3CBgaQZlu9mvo6wKDh,https://api.spotify.com/v1/tracks/5aqI3CBgaQZlu9mvo6wKDh,https://api.spotify.com/v1/audio-analysis/5aqI3CBgaQZlu9mvo6wKDh,191985.0,4.0
69,21429,21429,12331,Nights,Frank Ocean,Blonde,spotify:track:7eqoqGkKwgOaWNNHx90uEZ,174.71428333333336,0.457,0.551,5.0,-9.36,0.0,0.167,0.427,1.15e-06,0.113,0.428,89.87,audio_features,7eqoqGkKwgOaWNNHx90uEZ,https://api.spotify.com/v1/tracks/7eqoqGkKwgOaWNNHx90uEZ,https://api.spotify.com/v1/audio-analysis/7eqoqGkKwgOaWNNHx90uEZ,307151.0,4.0
70,21430,21430,6427,GOD.,Kendrick Lamar,DAMN. COLLECTORS EDITION.,spotify:track:4suzR7RVn00QijvJPkMVMf,175.44908333333333,0.706,0.557,0.0,-5.8,1.0,0.0813,0.0347,0.0,0.276,0.205,132.98,audio_features,4suzR7RVn00QijvJPkMVMf,https://api.spotify.com/v1/tracks/4suzR7RVn00QijvJPkMVMf,https://api.spotify.com/v1/audio-analysis/4suzR7RVn00QijvJPkMVMf,248827.0,4.0
71,21431,21431,5394,"Everyday (feat. Rod Stewart, Miguel & Mark Ronson)",A$AP Rocky,AT.LONG.LAST.A$AP,spotify:track:2N3U8uTYhjX2KwGT0pf5x0,176.62766666666667,0.394,0.661,4.0,-8.684,1.0,0.192,0.00996,0.0,0.343,0.335,149.818,audio_features,2N3U8uTYhjX2KwGT0pf5x0,https://api.spotify.com/v1/tracks/2N3U8uTYhjX2KwGT0pf5x0,https://api.spotify.com/v1/audio-analysis/2N3U8uTYhjX2KwGT0pf5x0,260987.0,4.0
72,21432,21432,18126,The World At Large,Modest Mouse,Good News For People Who Love Bad News,spotify:track:5op53ANI4exiWqFHKuwWxd,177.74589999999998,0.523,0.477,6.0,-9.076,1.0,0.0254,0.0961,0.000106,0.101,0.249,76.973,audio_features,5op53ANI4exiWqFHKuwWxd,https://api.spotify.com/v1/tracks/5op53ANI4exiWqFHKuwWxd,https://api.spotify.com/v1/audio-analysis/5op53ANI4exiWqFHKuwWxd,272507.0,4.0
73,21433,21433,19962,White Ferrari,Frank Ocean,Blonde,spotify:track:2LMkwUfqC6S6s6qDVlEuzV,178.15646666666666,0.501,0.0958,0.0,-15.605,1.0,0.0433,0.77,0.0,0.298,0.204,108.741,audio_features,2LMkwUfqC6S6s6qDVlEuzV,https://api.spotify.com/v1/tracks/2LMkwUfqC6S6s6qDVlEuzV,https://api.spotify.com/v1/audio-analysis/2LMkwUfqC6S6s6qDVlEuzV,248808.0,4.0
74,21434,21434,478,A Modern Lay,"Slaughter Beach, Dog",At the Moonbase,spotify:track:5ZnWGuVw3VqgubwsXBYoZF,178.80521666666667,0.564,0.682,2.0,-7.03,1.0,0.0349,0.18,7.74e-05,0.0865,0.63,76.495,audio_features,5ZnWGuVw3VqgubwsXBYoZF,https://api.spotify.com/v1/tracks/5ZnWGuVw3VqgubwsXBYoZF,https://api.spotify.com/v1/audio-analysis/5ZnWGuVw3VqgubwsXBYoZF,316128.0,4.0
75,21435,21435,20464,You Are a Tourist,Death Cab for Cutie,Codes and Keys,spotify:track:2bD1AW4yqiCurGCva6r88a,180.02563333333336,0.569,0.872,2.0,-7.566,1.0,0.0314,0.000254,0.144,0.283,0.661,95.16,audio_features,2bD1AW4yqiCurGCva6r88a,https://api.spotify.com/v1/tracks/2bD1AW4yqiCurGCva6r88a,https://api.spotify.com/v1/audio-analysis/2bD1AW4yqiCurGCva6r88a,286653.0,4.0
76,21436,21436,6922,Goodie Bag,Still Woozy,Goodie Bag,spotify:track:297rZsBEjFw9d0Gl3iBLnd,183.92085,0.701,0.529,7.0,-12.242,0.0,0.147,0.82,0.00113,0.249,0.577,138.216,audio_features,297rZsBEjFw9d0Gl3iBLnd,https://api.spotify.com/v1/tracks/297rZsBEjFw9d0Gl3iBLnd,https://api.spotify.com/v1/audio-analysis/297rZsBEjFw9d0Gl3iBLnd,146390.0,4.0
77,21437,21437,404,A 1000 Times,Hamilton Leithauser,I Had a Dream That You Were Mine,spotify:track:4GkS17JdvJY5vnsYqTGPG2,184.9534166666667,0.486,0.811,7.0,-4.835,1.0,0.0947,0.695,0.0,0.227,0.707,183.955,audio_features,4GkS17JdvJY5vnsYqTGPG2,https://api.spotify.com/v1/tracks/4GkS17JdvJY5vnsYqTGPG2,https://api.spotify.com/v1/audio-analysis/4GkS17JdvJY5vnsYqTGPG2,248360.0,4.0
78,21438,21438,5954,Fish Fry,"Slaughter Beach, Dog",Birdie,spotify:track:1Ijmh7oHDN1sJY4zvQ1qxb,185.0694333333333,0.62,0.662,0.0,-10.281,1.0,0.0274,0.199,0.56,0.11,0.674,148.017,audio_features,1Ijmh7oHDN1sJY4zvQ1qxb,https://api.spotify.com/v1/tracks/1Ijmh7oHDN1sJY4zvQ1qxb,https://api.spotify.com/v1/audio-analysis/1Ijmh7oHDN1sJY4zvQ1qxb,276655.0,4.0
79,21439,21439,1616,Bad Beer,"Slaughter Beach, Dog",Birdie,spotify:track:0LYE1Y7J1wvdEdxFwdiWof,187.06268333333333,0.7,0.497,4.0,-8.278,1.0,0.0311,0.397,2.46e-05,0.113,0.618,122.948,audio_features,0LYE1Y7J1wvdEdxFwdiWof,https://api.spotify.com/v1/tracks/0LYE1Y7J1wvdEdxFwdiWof,https://api.spotify.com/v1/audio-analysis/0LYE1Y7J1wvdEdxFwdiWof,215851.0,4.0
80,21440,21440,12137,Neptune,Rusty Clanton,Neptune,spotify:track:2GiFSPEnjXiHfQtQOuuLly,189.72986666666668,0.719,0.0926,6.0,-16.385,1.0,0.112,0.832,1.62e-06,0.0692,0.293,62.979,audio_features,2GiFSPEnjXiHfQtQOuuLly,https://api.spotify.com/v1/tracks/2GiFSPEnjXiHfQtQOuuLly,https://api.spotify.com/v1/audio-analysis/2GiFSPEnjXiHfQtQOuuLly,268980.0,4.0
81,21441,21441,16078,So Strange (feat. Cuco),Polyphia,New Levels New Devils,spotify:track:6MYzjR2rH0hfz91FsaR1ox,189.86633333333333,0.553,0.885,0.0,-4.063,1.0,0.0385,0.000667,0.00072,0.209,0.484,96.025,audio_features,6MYzjR2rH0hfz91FsaR1ox,https://api.spotify.com/v1/tracks/6MYzjR2rH0hfz91FsaR1ox,https://api.spotify.com/v1/audio-analysis/6MYzjR2rH0hfz91FsaR1ox,240006.0,4.0
82,21442,21442,9520,Just Fine,spookyghostboy,Losing,spotify:track:6o8BKeLxLSuUTiZxyOHA87,191.7282,0.402,0.226,4.0,-13.524,1.0,0.0325,0.867,0.00018,0.109,0.218,173.838,audio_features,6o8BKeLxLSuUTiZxyOHA87,https://api.spotify.com/v1/tracks/6o8BKeLxLSuUTiZxyOHA87,https://api.spotify.com/v1/audio-analysis/6o8BKeLxLSuUTiZxyOHA87,205079.0,4.0
83,21443,21443,14388,Really?,Prince Daddy & the Hyena,I Thought You Didn't Even Like Leaving,spotify:track:2tz4wF3nFZiKeR4IBtvchH,192.68596666666667,0.478,0.721,8.0,-8.154,1.0,0.0356,0.000213,0.853,0.0976,0.256,109.044,audio_features,2tz4wF3nFZiKeR4IBtvchH,https://api.spotify.com/v1/tracks/2tz4wF3nFZiKeR4IBtvchH,https://api.spotify.com/v1/audio-analysis/2tz4wF3nFZiKeR4IBtvchH,286724.0,4.0
84,21444,21444,290,4 Your Eyez Only,J. Cole,4 Your Eyez Only,spotify:track:1vvnYpYEMVB4aq9I6tHIEB,193.89511666666667,0.701,0.485,11.0,-10.305,0.0,0.364,0.367,6.31e-05,0.0852,0.496,78.863,audio_features,1vvnYpYEMVB4aq9I6tHIEB,https://api.spotify.com/v1/tracks/1vvnYpYEMVB4aq9I6tHIEB,https://api.spotify.com/v1/audio-analysis/1vvnYpYEMVB4aq9I6tHIEB,530253.0,4.0
85,21445,21445,1241,Apocalypse,Cigarettes After Sex,Cigarettes After Sex,spotify:track:3AVrVz5rK8Hrqo9YGiVGN5,197.4891333333333,0.369,0.467,5.0,-9.018,1.0,0.0274,0.0194,0.46,0.109,0.174,94.473,audio_features,3AVrVz5rK8Hrqo9YGiVGN5,https://api.spotify.com/v1/tracks/3AVrVz5rK8Hrqo9YGiVGN5,https://api.spotify.com/v1/audio-analysis/3AVrVz5rK8Hrqo9YGiVGN5,290147.0,4.0
86,21446,21446,9564,K.,Cigarettes After Sex,Cigarettes After Sex,spotify:track:7LX4aXtvImhdgUHQBlo8Kp,198.32286666666664,0.454,0.404,3.0,-10.26,1.0,0.027,0.146,0.819,0.141,0.313,94.113,audio_features,7LX4aXtvImhdgUHQBlo8Kp,https://api.spotify.com/v1/tracks/7LX4aXtvImhdgUHQBlo8Kp,https://api.spotify.com/v1/audio-analysis/7LX4aXtvImhdgUHQBlo8Kp,319560.0,4.0
87,21447,21447,1219,Anything,"Slaughter Beach, Dog",Safe And Also No Fear,spotify:track:6A8J7SPRCKpUVqWccFVSVj,198.52436666666668,0.723,0.318,7.0,-11.519,1.0,0.0322,0.697,0.373,0.113,0.271,112.106,audio_features,6A8J7SPRCKpUVqWccFVSVj,https://api.spotify.com/v1/tracks/6A8J7SPRCKpUVqWccFVSVj,https://api.spotify.com/v1/audio-analysis/6A8J7SPRCKpUVqWccFVSVj,260945.0,4.0
88,21448,21448,12965,One Down,"Slaughter Beach, Dog",Safe And Also No Fear,spotify:track:0hieSNOsP6R7mk5IaJbSyS,199.42848333333333,0.606,0.244,2.0,-11.663,1.0,0.0296,0.571,0.0289,0.107,0.34,127.173,audio_features,0hieSNOsP6R7mk5IaJbSyS,https://api.spotify.com/v1/tracks/0hieSNOsP6R7mk5IaJbSyS,https://api.spotify.com/v1/audio-analysis/0hieSNOsP6R7mk5IaJbSyS,192582.0,4.0
89,21449,21449,1239,Apocalypse,Cigarettes After Sex,Apocalypse,spotify:track:52k6PTgqVCBHrLndNtutrC,201.77858333333336,0.369,0.467,5.0,-9.018,1.0,0.0274,0.0194,0.46,0.109,0.174,94.473,audio_features,52k6PTgqVCBHrLndNtutrC,https://api.spotify.com/v1/tracks/52k6PTgqVCBHrLndNtutrC,https://api.spotify.com/v1/audio-analysis/52k6PTgqVCBHrLndNtutrC,290147.0,4.0
90,21450,21450,2426,Bossa No Sé (feat. Jean Carter),Cuco,Para Mi,spotify:track:3kEsMLO3qUUwiXeCndsMIb,202.98298333333327,0.825,0.678,4.0,-5.401,1.0,0.0461,0.519,0.0,0.115,0.43,134.12,audio_features,3kEsMLO3qUUwiXeCndsMIb,https://api.spotify.com/v1/tracks/3kEsMLO3qUUwiXeCndsMIb,https://api.spotify.com/v1/audio-analysis/3kEsMLO3qUUwiXeCndsMIb,201264.0,4.0
91,21451,21451,12958,One Day,"Slaughter Beach, Dog",Safe And Also No Fear,spotify:track:5MSh34LJBDQ3S7NEF8gNl5,210.19988333333333,0.748,0.538,2.0,-7.886,1.0,0.0326,0.597,0.574,0.0892,0.37,118.991,audio_features,5MSh34LJBDQ3S7NEF8gNl5,https://api.spotify.com/v1/tracks/5MSh34LJBDQ3S7NEF8gNl5,https://api.spotify.com/v1/audio-analysis/5MSh34LJBDQ3S7NEF8gNl5,251906.0,4.0
92,21452,21452,6879,Good Ones,"Slaughter Beach, Dog",Safe And Also No Fear,spotify:track:6L3wRxlBzVvBgEbvKsVPMQ,210.99811666666668,0.4,0.63,7.0,-8.563,1.0,0.0258,0.144,0.105,0.106,0.562,178.764,audio_features,6L3wRxlBzVvBgEbvKsVPMQ,https://api.spotify.com/v1/tracks/6L3wRxlBzVvBgEbvKsVPMQ,https://api.spotify.com/v1/audio-analysis/6L3wRxlBzVvBgEbvKsVPMQ,292638.0,4.0
93,21453,21453,12128,Neon Baby,Cuco,Songs4u,spotify:track:3skvVqb8zBeJJE4OPPBDdE,212.87878333333333,0.288,0.487,3.0,-8.534,1.0,0.0386,0.908,0.488,0.0991,0.187,102.856,audio_features,3skvVqb8zBeJJE4OPPBDdE,https://api.spotify.com/v1/tracks/3skvVqb8zBeJJE4OPPBDdE,https://api.spotify.com/v1/audio-analysis/3skvVqb8zBeJJE4OPPBDdE,234000.0,1.0
94,21454,21454,13980,Pretty O.K.,"Slaughter Beach, Dog",Birdie,spotify:track:1pnFVT73rfem3dgZAejEPY,214.2002,0.654,0.608,0.0,-7.633,1.0,0.0262,0.195,0.0357,0.253,0.6,145.029,audio_features,1pnFVT73rfem3dgZAejEPY,https://api.spotify.com/v1/tracks/1pnFVT73rfem3dgZAejEPY,https://api.spotify.com/v1/audio-analysis/1pnFVT73rfem3dgZAejEPY,203078.0,4.0
95,21455,21455,615,Acolyte,"Slaughter Beach, Dog",Birdie,spotify:track:4YW1KY7SuHca5CRvBs6QZs,214.9276,0.789,0.476,9.0,-10.674,1.0,0.0338,0.782,0.0937,0.113,0.773,123.977,audio_features,4YW1KY7SuHca5CRvBs6QZs,https://api.spotify.com/v1/tracks/4YW1KY7SuHca5CRvBs6QZs,https://api.spotify.com/v1/audio-analysis/4YW1KY7SuHca5CRvBs6QZs,316468.0,4.0
96,21456,21456,11094,Malibu 1992,COIN,How Will You Know If You Never Try,spotify:track:0nMqu5vN44GNv8UOQxmBJK,215.29295,0.559,0.32,6.0,-7.694,1.0,0.0414,0.0644,0.132,0.173,0.497,147.366,audio_features,0nMqu5vN44GNv8UOQxmBJK,https://api.spotify.com/v1/tracks/0nMqu5vN44GNv8UOQxmBJK,https://api.spotify.com/v1/audio-analysis/0nMqu5vN44GNv8UOQxmBJK,341200.0,4.0
97,21457,21457,17312,Tangerine,"Slaughter Beach, Dog",Safe And Also No Fear,spotify:track:5z6JNSEwZCP93QFJ6OOQ4d,218.04791666666668,0.589,0.628,7.0,-7.062,1.0,0.0381,0.245,0.334,0.0922,0.344,123.017,audio_features,5z6JNSEwZCP93QFJ6OOQ4d,https://api.spotify.com/v1/tracks/5z6JNSEwZCP93QFJ6OOQ4d,https://api.spotify.com/v1/audio-analysis/5z6JNSEwZCP93QFJ6OOQ4d,246553.0,4.0
98,21458,21458,5670,Fancy Shoes,The Walters,Songs for Dads,spotify:track:1YVVAiBD5WhX2ZdHtlSOhz,224.47506666666663,0.689,0.368,0.0,-7.34,1.0,0.0263,0.588,0.0,0.101,0.738,104.057,audio_features,1YVVAiBD5WhX2ZdHtlSOhz,https://api.spotify.com/v1/tracks/1YVVAiBD5WhX2ZdHtlSOhz,https://api.spotify.com/v1/audio-analysis/1YVVAiBD5WhX2ZdHtlSOhz,134427.0,4.0
99,21459,21459,20062,Wild Is The Wind,Nina Simone,Wild Is The Wind,spotify:track:3muwYfpLZGYsvrrssEzrxF,224.7077,0.311,0.153,9.0,-16.363,0.0,0.0403,0.946,0.0051,0.0518,0.157,123.0,audio_features,3muwYfpLZGYsvrrssEzrxF,https://api.spotify.com/v1/tracks/3muwYfpLZGYsvrrssEzrxF,https://api.spotify.com/v1/audio-analysis/3muwYfpLZGYsvrrssEzrxF,416693.0,5.0
100,21460,21460,16879,Summertime In Paris,Jaden,ERYS,spotify:track:6XNANAB7sFvkfho6bMCp7o,225.36731666666668,0.569,0.86,9.0,-4.116,1.0,0.043,0.135,0.0,0.153,0.289,90.937,audio_features,6XNANAB7sFvkfho6bMCp7o,https://api.spotify.com/v1/tracks/6XNANAB7sFvkfho6bMCp7o,https://api.spotify.com/v1/audio-analysis/6XNANAB7sFvkfho6bMCp7o,270960.0,4.0
101,21461,21461,2642,Building The Ark,"Slaughter Beach, Dog",Motorcycle.jpg,spotify:track:0H6m9OehghfHuDvhkSYbuc,225.7775333333333,0.696,0.537,11.0,-9.313,1.0,0.0271,0.175,0.0997,0.12,0.443,112.009,audio_features,0H6m9OehghfHuDvhkSYbuc,https://api.spotify.com/v1/tracks/0H6m9OehghfHuDvhkSYbuc,https://api.spotify.com/v1/audio-analysis/0H6m9OehghfHuDvhkSYbuc,264043.0,4.0
102,21462,21462,15499,Shapes I Know,"Slaughter Beach, Dog",Birdie,spotify:track:2x6Z5uMed5Jr2f2oP7OxNc,226.10838333333336,0.734,0.464,0.0,-9.673,1.0,0.0303,0.63,0.00541,0.125,0.65,114.949,audio_features,2x6Z5uMed5Jr2f2oP7OxNc,https://api.spotify.com/v1/tracks/2x6Z5uMed5Jr2f2oP7OxNc,https://api.spotify.com/v1/audio-analysis/2x6Z5uMed5Jr2f2oP7OxNc,271526.0,4.0
103,21463,21463,3662,Come on Mess Me Up,Cub Sport,This Is Our Vice,spotify:track:6lOHJvk1ss3cH42PlxyLvo,226.6606833333333,0.344,0.592,4.0,-5.582,1.0,0.0323,0.0626,5.98e-06,0.13,0.0396,149.724,audio_features,6lOHJvk1ss3cH42PlxyLvo,https://api.spotify.com/v1/tracks/6lOHJvk1ss3cH42PlxyLvo,https://api.spotify.com/v1/audio-analysis/6lOHJvk1ss3cH42PlxyLvo,203640.0,4.0
104,21464,21464,9633,Keeping Tabs (feat. Suscat0),Cuco,Para Mi,spotify:track:1KypMTzxfo8NNIZ30lanZa,236.75181666666668,0.669,0.854,2.0,-5.69,1.0,0.0369,0.729,0.0,0.106,0.907,139.972,audio_features,1KypMTzxfo8NNIZ30lanZa,https://api.spotify.com/v1/tracks/1KypMTzxfo8NNIZ30lanZa,https://api.spotify.com/v1/audio-analysis/1KypMTzxfo8NNIZ30lanZa,248161.0,4.0
105,21465,21465,2708,Buttercup,"Slaughter Beach, Dog",Birdie,spotify:track:6eMkReiMo11kQubaZI52Eg,242.4275166666667,0.527,0.184,5.0,-13.905,1.0,0.0725,0.343,0.00492,0.114,0.129,162.88,audio_features,6eMkReiMo11kQubaZI52Eg,https://api.spotify.com/v1/tracks/6eMkReiMo11kQubaZI52Eg,https://api.spotify.com/v1/audio-analysis/6eMkReiMo11kQubaZI52Eg,279900.0,3.0
106,21466,21466,12277,Next to Me,Nick Wilson,Closer,spotify:track:5B1RF4mOB2ADG6EC4HPdPi,242.83755,0.467,0.168,10.0,-15.01,1.0,0.0323,0.852,0.0,0.0908,0.135,60.182,audio_features,5B1RF4mOB2ADG6EC4HPdPi,https://api.spotify.com/v1/tracks/5B1RF4mOB2ADG6EC4HPdPi,https://api.spotify.com/v1/audio-analysis/5B1RF4mOB2ADG6EC4HPdPi,307987.0,4.0
107,21467,21467,2954,Candle,Buck Meek,Two Saviors,spotify:track:3sTNIZ0hdHC2Lj1dp0IQRm,246.2966166666667,0.618,0.352,4.0,-8.679,1.0,0.0304,0.676,0.0242,0.0887,0.398,80.34,audio_features,3sTNIZ0hdHC2Lj1dp0IQRm,https://api.spotify.com/v1/tracks/3sTNIZ0hdHC2Lj1dp0IQRm,https://api.spotify.com/v1/audio-analysis/3sTNIZ0hdHC2Lj1dp0IQRm,223714.0,4.0
108,21468,21468,18529,Tommy's Party,Peach Pit,Being So Normal,spotify:track:5OuJTtNve7FxUX82eEBupN,249.37823333333333,0.565,0.438,7.0,-8.722,1.0,0.0311,0.122,0.0469,0.108,0.211,133.949,audio_features,5OuJTtNve7FxUX82eEBupN,https://api.spotify.com/v1/tracks/5OuJTtNve7FxUX82eEBupN,https://api.spotify.com/v1/audio-analysis/5OuJTtNve7FxUX82eEBupN,361760.0,4.0
109,21469,21469,16185,Somebody Else,The 1975,"I like it when you sleep, for you are so beautiful yet so unaware of it",spotify:track:5hc71nKsUgtwQ3z52KEKQk,250.00638333333333,0.61,0.788,0.0,-5.724,1.0,0.0585,0.195,0.0142,0.153,0.472,101.045,audio_features,5hc71nKsUgtwQ3z52KEKQk,https://api.spotify.com/v1/tracks/5hc71nKsUgtwQ3z52KEKQk,https://api.spotify.com/v1/audio-analysis/5hc71nKsUgtwQ3z52KEKQk,347520.0,4.0
110,21470,21470,16861,Summer Time High Time,Cuco,Chiquito,spotify:track:7t5MUcFIIayP1M6TNhtWE0,252.4260166666667,0.528,0.671,2.0,-3.945,1.0,0.0355,0.0435,1.74e-05,0.125,0.581,112.934,audio_features,7t5MUcFIIayP1M6TNhtWE0,https://api.spotify.com/v1/tracks/7t5MUcFIIayP1M6TNhtWE0,https://api.spotify.com/v1/audio-analysis/7t5MUcFIIayP1M6TNhtWE0,208067.0,4.0
111,21471,21471,2145,Black Oak,"Slaughter Beach, Dog",Safe And Also No Fear,spotify:track:0i2hvRldjUwdgkzw6RZn7X,271.78686666666664,0.566,0.401,7.0,-11.104,1.0,0.0253,0.821,0.839,0.11,0.303,93.986,audio_features,0i2hvRldjUwdgkzw6RZn7X,https://api.spotify.com/v1/tracks/0i2hvRldjUwdgkzw6RZn7X,https://api.spotify.com/v1/audio-analysis/0i2hvRldjUwdgkzw6RZn7X,402141.0,4.0
112,21472,21472,4791,Dontmakemefallinlove,Cuco,Chiquito,spotify:track:6zHyWsqTzT6Fympdy9KQDQ,281.21998333333335,0.387,0.904,8.0,-4.935,1.0,0.0738,0.37,0.425,0.0754,0.839,103.798,audio_features,6zHyWsqTzT6Fympdy9KQDQ,https://api.spotify.com/v1/tracks/6zHyWsqTzT6Fympdy9KQDQ,https://api.spotify.com/v1/audio-analysis/6zHyWsqTzT6Fympdy9KQDQ,207692.0,4.0
113,21473,21473,14147,Pussy Is God,King Princess,Pussy Is God,spotify:track:6VCeywT4JeawuZOUkQ1okx,281.4823333333333,0.739,0.621,11.0,-6.929,0.0,0.238,0.049,0.00369,0.0718,0.462,85.969,audio_features,6VCeywT4JeawuZOUkQ1okx,https://api.spotify.com/v1/tracks/6VCeywT4JeawuZOUkQ1okx,https://api.spotify.com/v1/audio-analysis/6VCeywT4JeawuZOUkQ1okx,205533.0,4.0
114,21474,21474,6800,Gold and Green,"Slaughter Beach, Dog",Birdie,spotify:track:3N23j0DZvS0LfPM1gsELPz,285.92735,0.651,0.505,2.0,-8.415,1.0,0.0351,0.716,2.4e-05,0.091,0.387,76.506,audio_features,3N23j0DZvS0LfPM1gsELPz,https://api.spotify.com/v1/tracks/3N23j0DZvS0LfPM1gsELPz,https://api.spotify.com/v1/audio-analysis/3N23j0DZvS0LfPM1gsELPz,187696.0,4.0
115,21475,21475,1286,Are You There,"Slaughter Beach, Dog",At the Moonbase,spotify:track:36L76Hw2KS60na0cxlh8E0,286.59273333333334,0.736,0.735,2.0,-6.964,1.0,0.0312,0.249,0.0351,0.0678,0.418,120.002,audio_features,36L76Hw2KS60na0cxlh8E0,https://api.spotify.com/v1/tracks/36L76Hw2KS60na0cxlh8E0,https://api.spotify.com/v1/audio-analysis/36L76Hw2KS60na0cxlh8E0,255312.0,4.0
116,21476,21476,7690,High Tops,Del Water Gap,High Tops,spotify:track:1TPgw76OuRx2VA390Kjari,286.6635,0.557,0.458,7.0,-5.127,1.0,0.0306,0.0499,5.67e-05,0.176,0.262,128.126,audio_features,1TPgw76OuRx2VA390Kjari,https://api.spotify.com/v1/tracks/1TPgw76OuRx2VA390Kjari,https://api.spotify.com/v1/audio-analysis/1TPgw76OuRx2VA390Kjari,238200.0,4.0
117,21477,21477,1105,Angel Baby,Rosie & The Originals,The Unavailable 16 & The Original Nitty Gritty,spotify:track:71keN33KR0rS5jwKi4JNLE,288.6674833333333,0.347,0.177,0.0,-15.365,1.0,0.0326,0.849,0.00231,0.113,0.444,196.501,audio_features,71keN33KR0rS5jwKi4JNLE,https://api.spotify.com/v1/tracks/71keN33KR0rS5jwKi4JNLE,https://api.spotify.com/v1/audio-analysis/71keN33KR0rS5jwKi4JNLE,227624.0,3.0
118,21478,21478,1232,Aphasia,Pinegrove,Cardinal,spotify:track:4Mve2PSQqMtVn5DemVoBYr,293.48358333333334,0.309,0.481,6.0,-7.994,1.0,0.0432,0.769,7.37e-06,0.235,0.36,66.793,audio_features,4Mve2PSQqMtVn5DemVoBYr,https://api.spotify.com/v1/tracks/4Mve2PSQqMtVn5DemVoBYr,https://api.spotify.com/v1/audio-analysis/4Mve2PSQqMtVn5DemVoBYr,270933.0,4.0
119,21479,21479,163,1950,King Princess,1950,spotify:track:0CZ8lquoTX2Dkg7Ak2inwA,298.16045,0.6,0.535,4.0,-7.043,1.0,0.107,0.648,4.7e-06,0.162,0.269,71.912,audio_features,0CZ8lquoTX2Dkg7Ak2inwA,https://api.spotify.com/v1/tracks/0CZ8lquoTX2Dkg7Ak2inwA,https://api.spotify.com/v1/audio-analysis/0CZ8lquoTX2Dkg7Ak2inwA,225133.0,4.0
120,21480,21480,5199,Elise,The Greeting Committee,Elise,spotify:track:6gjUxk2gNqaMtTYV0t3PPB,299.8905666666667,0.64,0.0561,0.0,-13.156,1.0,0.0604,0.864,0.0,0.165,0.227,123.258,audio_features,6gjUxk2gNqaMtTYV0t3PPB,https://api.spotify.com/v1/tracks/6gjUxk2gNqaMtTYV0t3PPB,https://api.spotify.com/v1/audio-analysis/6gjUxk2gNqaMtTYV0t3PPB,254750.0,3.0
121,21481,21481,10655,Lost / Heart,Cuco,Songs4u,spotify:track:0zZlIiw6kLDUYlOp2QaClr,300.80255,0.138,0.526,7.0,-6.409,1.0,0.0352,0.857,0.896,0.109,0.0862,89.277,audio_features,0zZlIiw6kLDUYlOp2QaClr,https://api.spotify.com/v1/tracks/0zZlIiw6kLDUYlOp2QaClr,https://api.spotify.com/v1/audio-analysis/0zZlIiw6kLDUYlOp2QaClr,272872.0,4.0
122,21482,21482,17024,Susie May,beabadoobee,Susie May,spotify:track:3JGhWkxALa6OLMjBv6yz79,304.9095166666666,0.363,0.188,6.0,-13.171,1.0,0.0334,0.965,0.657,0.108,0.201,85.147,audio_features,3JGhWkxALa6OLMjBv6yz79,https://api.spotify.com/v1/tracks/3JGhWkxALa6OLMjBv6yz79,https://api.spotify.com/v1/audio-analysis/3JGhWkxALa6OLMjBv6yz79,266757.0,4.0
123,21483,21483,13496,Peach Pit,Peach Pit,Sweet FA,spotify:track:0ZK8TGOsngrstVPsnrHbK1,306.3655,0.515,0.804,6.0,-5.345,0.0,0.0398,0.00322,0.00229,0.149,0.298,123.969,audio_features,0ZK8TGOsngrstVPsnrHbK1,https://api.spotify.com/v1/tracks/0ZK8TGOsngrstVPsnrHbK1,https://api.spotify.com/v1/audio-analysis/0ZK8TGOsngrstVPsnrHbK1,287080.0,4.0
124,21484,21484,5392,Everyday,Modern Baseball,Holy Ghost,spotify:track:1VY3mi8wkem9DE02Do3YiO,306.4916666666667,0.474,0.84,11.0,-6.262,0.0,0.0364,0.000788,0.00407,0.218,0.642,120.023,audio_features,1VY3mi8wkem9DE02Do3YiO,https://api.spotify.com/v1/tracks/1VY3mi8wkem9DE02Do3YiO,https://api.spotify.com/v1/audio-analysis/1VY3mi8wkem9DE02Do3YiO,183520.0,4.0
125,21485,21485,3885,Creature,It Looks Sad.,Kaiju,spotify:track:4GV9tK5QPaD3gVSJvMxUN0,313.23806666666667,0.519,0.724,4.0,-7.301,1.0,0.0303,0.000559,0.00037,0.12,0.467,135.051,audio_features,4GV9tK5QPaD3gVSJvMxUN0,https://api.spotify.com/v1/tracks/4GV9tK5QPaD3gVSJvMxUN0,https://api.spotify.com/v1/audio-analysis/4GV9tK5QPaD3gVSJvMxUN0,240640.0,4.0
126,21486,21486,8377,I Love You So,The Walters,Songs for Dads,spotify:track:1175r6ZmkUjX8dRJLz9Ohk,315.07535,0.578,0.669,10.0,-4.898,1.0,0.0377,0.65,0.0,0.13,0.503,75.995,audio_features,1175r6ZmkUjX8dRJLz9Ohk,https://api.spotify.com/v1/tracks/1175r6ZmkUjX8dRJLz9Ohk,https://api.spotify.com/v1/audio-analysis/1175r6ZmkUjX8dRJLz9Ohk,160254.0,4.0
127,21487,21487,7788,Holy,King Princess,Make My Bed,spotify:track:7FVGIPgLMDChTffvG2LuHV,315.41568333333333,0.614,0.585,10.0,-9.483,1.0,0.164,0.134,0.000129,0.0948,0.211,169.905,audio_features,7FVGIPgLMDChTffvG2LuHV,https://api.spotify.com/v1/tracks/7FVGIPgLMDChTffvG2LuHV,https://api.spotify.com/v1/audio-analysis/7FVGIPgLMDChTffvG2LuHV,174667.0,4.0
128,21488,21488,108,104 Degrees,"Slaughter Beach, Dog",Motorcycle.jpg,spotify:track:3Zj3UZgeP5fKJV9iO6mt6d,316.67580000000004,0.532,0.715,7.0,-8.447,1.0,0.0357,0.00768,0.86,0.43,0.461,114.976,audio_features,3Zj3UZgeP5fKJV9iO6mt6d,https://api.spotify.com/v1/tracks/3Zj3UZgeP5fKJV9iO6mt6d,https://api.spotify.com/v1/audio-analysis/3Zj3UZgeP5fKJV9iO6mt6d,159315.0,4.0
129,21489,21489,13030,One and Only,Cuco,Songs4u,spotify:track:6qiivlwgnkjFnWbY9fbFOW,318.25651666666664,0.616,0.609,10.0,-6.969,1.0,0.0461,0.517,2.27e-05,0.0824,0.18,98.957,audio_features,6qiivlwgnkjFnWbY9fbFOW,https://api.spotify.com/v1/tracks/6qiivlwgnkjFnWbY9fbFOW,https://api.spotify.com/v1/audio-analysis/6qiivlwgnkjFnWbY9fbFOW,206061.0,4.0
130,21490,21490,10022,Lava Lamp,Cuco,Songs4u,spotify:track:4W64l7GktcWRZhQWHDoKaF,321.7896,0.517,0.622,5.0,-5.476,0.0,0.0353,0.528,0.00164,0.12,0.0947,119.809,audio_features,4W64l7GktcWRZhQWHDoKaF,https://api.spotify.com/v1/tracks/4W64l7GktcWRZhQWHDoKaF,https://api.spotify.com/v1/audio-analysis/4W64l7GktcWRZhQWHDoKaF,308500.0,3.0
131,21491,21491,6880,Good Ones,"Slaughter Beach, Dog",Safe And Also No Fear,spotify:track:7jyO8BCuiU5QFFxFWT3rWc,323.94213333333335,0.384,0.634,7.0,-8.553,1.0,0.0266,0.143,0.107,0.106,0.577,179.936,audio_features,7jyO8BCuiU5QFFxFWT3rWc,https://api.spotify.com/v1/tracks/7jyO8BCuiU5QFFxFWT3rWc,https://api.spotify.com/v1/audio-analysis/7jyO8BCuiU5QFFxFWT3rWc,292638.0,4.0
132,21492,21492,20639,Your Cat,"Slaughter Beach, Dog",Motorcycle.jpg,spotify:track:128sfsBBtYmMb1idRD1quE,324.081,0.626,0.626,0.0,-6.352,1.0,0.0302,0.0128,0.486,0.169,0.697,139.964,audio_features,128sfsBBtYmMb1idRD1quE,https://api.spotify.com/v1/tracks/128sfsBBtYmMb1idRD1quE,https://api.spotify.com/v1/audio-analysis/128sfsBBtYmMb1idRD1quE,198667.0,4.0
133,21493,21493,18355,Thunder,Roy Blair,Cat Heaven,spotify:track:0afGLa6wcYiLLXFZ48ZQpY,326.7930166666667,0.667,0.316,0.0,-9.132,1.0,0.0262,0.0292,0.00613,0.147,0.156,100.998,audio_features,0afGLa6wcYiLLXFZ48ZQpY,https://api.spotify.com/v1/tracks/0afGLa6wcYiLLXFZ48ZQpY,https://api.spotify.com/v1/audio-analysis/0afGLa6wcYiLLXFZ48ZQpY,313663.0,4.0
134,21494,21494,1841,Become the Warm Jets,Current Joys,A Different Age,spotify:track:5evpdnsSC59Ci4nXrWyXp7,339.9126166666667,0.465,0.227,7.0,-15.486,1.0,0.0455,0.772,0.00144,0.0951,0.0844,132.341,audio_features,5evpdnsSC59Ci4nXrWyXp7,https://api.spotify.com/v1/tracks/5evpdnsSC59Ci4nXrWyXp7,https://api.spotify.com/v1/audio-analysis/5evpdnsSC59Ci4nXrWyXp7,334902.0,4.0
135,21495,21495,9719,King of Everything,Dominic Fike,"Don't Forget About Me, Demos",spotify:track:5IWW129DwGyMVQAbaJz3rS,342.4574,0.636,0.474,5.0,-8.096,1.0,0.077,0.784,0.0613,0.113,0.571,167.064,audio_features,5IWW129DwGyMVQAbaJz3rS,https://api.spotify.com/v1/tracks/5IWW129DwGyMVQAbaJz3rS,https://api.spotify.com/v1/audio-analysis/5IWW129DwGyMVQAbaJz3rS,194360.0,4.0
136,21496,21496,2146,Black Oak,"Slaughter Beach, Dog",Safe And Also No Fear,spotify:track:0q00rGG1rPeTyR1VdBV5Tu,346.5381333333333,0.567,0.401,7.0,-11.099,1.0,0.0254,0.818,0.857,0.11,0.283,93.986,audio_features,0q00rGG1rPeTyR1VdBV5Tu,https://api.spotify.com/v1/tracks/0q00rGG1rPeTyR1VdBV5Tu,https://api.spotify.com/v1/audio-analysis/0q00rGG1rPeTyR1VdBV5Tu,402141.0,4.0
137,21497,21497,17272,Talia,King Princess,Talia,spotify:track:53jbdPQBaH6WaQvW0zmGBs,347.29993333333334,0.401,0.507,2.0,-7.001,1.0,0.089,0.549,0.0,0.164,0.236,180.159,audio_features,53jbdPQBaH6WaQvW0zmGBs,https://api.spotify.com/v1/tracks/53jbdPQBaH6WaQvW0zmGBs,https://api.spotify.com/v1/audio-analysis/53jbdPQBaH6WaQvW0zmGBs,207720.0,4.0
138,21498,21498,663,Affection,Cigarettes After Sex,Affection,spotify:track:4eVNSHRazoHgfYGv3AYFyZ,361.5352833333333,0.415,0.425,7.0,-11.232,1.0,0.025,0.497,0.908,0.105,0.248,89.839,audio_features,4eVNSHRazoHgfYGv3AYFyZ,https://api.spotify.com/v1/tracks/4eVNSHRazoHgfYGv3AYFyZ,https://api.spotify.com/v1/audio-analysis/4eVNSHRazoHgfYGv3AYFyZ,311000.0,4.0
139,21499,21499,10551,Lonelylife,Cuco,wannabewithu,spotify:track:52iO8m9DttzocBq3SvkSvk,362.3985833333333,0.278,0.682,3.0,-7.118,1.0,0.0407,0.422,0.85,0.0915,0.275,105.014,audio_features,52iO8m9DttzocBq3SvkSvk,https://api.spotify.com/v1/tracks/52iO8m9DttzocBq3SvkSvk,https://api.spotify.com/v1/audio-analysis/52iO8m9DttzocBq3SvkSvk,320000.0,4.0
140,21500,21500,13611,Phoenix,"Slaughter Beach, Dog",Birdie,spotify:track:59NeiWt9ngaQQ9556Qy6vR,401.9830166666667,0.543,0.249,9.0,-11.946,1.0,0.0438,0.868,0.000503,0.0784,0.223,70.744,audio_features,59NeiWt9ngaQQ9556Qy6vR,https://api.spotify.com/v1/tracks/59NeiWt9ngaQQ9556Qy6vR,https://api.spotify.com/v1/audio-analysis/59NeiWt9ngaQQ9556Qy6vR,275682.0,4.0
141,21501,21501,16914,Sunflower,Rex Orange County,Sunflower,spotify:track:4EpZ4eYuZOwPSSwyqpdHnJ,402.38666666666666,0.384,0.765,6.0,-4.463,1.0,0.0579,0.646,0.00352,0.522,0.567,129.903,audio_features,4EpZ4eYuZOwPSSwyqpdHnJ,https://api.spotify.com/v1/tracks/4EpZ4eYuZOwPSSwyqpdHnJ,https://api.spotify.com/v1/audio-analysis/4EpZ4eYuZOwPSSwyqpdHnJ,252231.0,4.0
142,21502,21502,3783,Cool with You,Her's,Songs of Her's,spotify:track:5wv2XK6ms7KBBVDD1cOwlx,403.37945,0.534,0.62,0.0,-6.775,1.0,0.0504,0.0124,0.000736,0.296,0.547,106.986,audio_features,5wv2XK6ms7KBBVDD1cOwlx,https://api.spotify.com/v1/tracks/5wv2XK6ms7KBBVDD1cOwlx,https://api.spotify.com/v1/audio-analysis/5wv2XK6ms7KBBVDD1cOwlx,375656.0,4.0
143,21503,21503,1042,Amor de Siempre,Cuco,wannabewithu,spotify:track:6VZg3YsN5kKBwz39fPcIM1,404.6226,0.565,0.642,0.0,-7.21,1.0,0.05,0.615,0.358,0.138,0.539,122.989,audio_features,6VZg3YsN5kKBwz39fPcIM1,https://api.spotify.com/v1/tracks/6VZg3YsN5kKBwz39fPcIM1,https://api.spotify.com/v1/audio-analysis/6VZg3YsN5kKBwz39fPcIM1,321951.0,4.0
144,21504,21504,614,Acolyte,"Slaughter Beach, Dog",Birdie,spotify:track:2h0O3uXZW6ClktlgHWGpjy,463.8911833333333,0.79,0.476,9.0,-10.674,1.0,0.0338,0.782,0.0942,0.113,0.774,123.977,audio_features,2h0O3uXZW6ClktlgHWGpjy,https://api.spotify.com/v1/tracks/2h0O3uXZW6ClktlgHWGpjy,https://api.spotify.com/v1/audio-analysis/2h0O3uXZW6ClktlgHWGpjy,316468.0,4.0
145,21505,21505,10505,Lo Que Siento,Cuco,Lo Que Siento,spotify:track:3oyf4dalm17kzTE8LJDbgR,481.64546666666666,0.326,0.685,10.0,-5.576,1.0,0.179,0.503,0.0,0.427,0.409,86.882,audio_features,3oyf4dalm17kzTE8LJDbgR,https://api.spotify.com/v1/tracks/3oyf4dalm17kzTE8LJDbgR,https://api.spotify.com/v1/audio-analysis/3oyf4dalm17kzTE8LJDbgR,312000.0,5.0
146,21506,21506,19042,Upper West Side,King Princess,Make My Bed,spotify:track:7vfaRUaFBDwENwa3tzJY64,485.726,0.635,0.496,9.0,-8.858,1.0,0.0338,0.277,0.00634,0.081,0.733,141.863,audio_features,7vfaRUaFBDwENwa3tzJY64,https://api.spotify.com/v1/tracks/7vfaRUaFBDwENwa3tzJY64,https://api.spotify.com/v1/audio-analysis/7vfaRUaFBDwENwa3tzJY64,211413.0,4.0
147,21507,21507,10858,Lover Is a Day,Cuco,wannabewithu,spotify:track:76tGvMdmFKuiMew33ZNNA9,769.6630333333333,0.406,0.647,3.0,-10.453,1.0,0.0413,0.0427,0.193,0.1,0.344,180.044,audio_features,76tGvMdmFKuiMew33ZNNA9,https://api.spotify.com/v1/tracks/76tGvMdmFKuiMew33ZNNA9,https://api.spotify.com/v1/audio-analysis/76tGvMdmFKuiMew33ZNNA9,456000.0,4.0
